<scene>
    <group>
        <transform>
            <set>
                <translate>0 0 0</translate>
            </set>
            <group name="1st_floor" from="scenegraphmodels/building/floor.xml">
            </group>
        </transform>
        <transform>
            <set>
                <translate>0 30 0</translate>
            </set>
            <group name="2nd_floor" from="scenegraphmodels/building/floor.xml">
            </group>
        </transform>
        <transform>
            <set>
                <translate>0 60 0</translate>
            </set>
            <group name="3rd_floor" from="scenegraphmodels/building/floor.xml">
            </group>
        </transform>
    </group>
</scene>
