<scene>
    <group>
        <transform>
            <set>
                <translate>-30 0 0</translate>
            </set>
            <group name="1st_building" from="scenegraphmodels/building/building.xml">
            </group>
        </transform>
        <transform>
            <set>
                <translate>30 0 0</translate>
            </set>
            <group name="2nd_building" from="scenegraphmodels/building/building.xml">
            </group>
        </transform>
        <transform>
            <set>
                <translate>0 0 0</translate>
            </set>
            <group name="ground" from="scenegraphmodels/building/ground.xml">
            </group>
        </transform>
    </group>
</scene>
